product_name,product_ticker,category,release_date,sale_count,average_sale_price,topic,material,special_version,search_volume
Funko Pop! Ad Icons Pillsbury Pillsbury Doughboy with Shamrock Spring Convention Figure #41,F-POAIPPD41,ad-icons,,3,41.66666667,pillsbury doughboy,no,spring_convention,44000
Funko Pop! Ad Icons Big Boy (Sunglasses) Hollywood Exclusive Figure # 74,F-POAIBBS74,ad-icons,,10,60,big boy,no,hollywood_exclusive,40000
Funko Pop! Ad Icons Rice Krispies Snap! Crackle! Pop! Funko Shop Limited Edition 3 Pack,F-POAIRKSCK,ad-icons,,10,33.1,rice krispies,no,funko_shop_limited,24000
Funko Pop! Ad Icons Kellogs Froot Loops Toucan Sam Baja Scholership Foundation Limited Edition Figure #13,FPO-IKFLTFLEF13,ad-icons,,10,250.3,froot loops,no,limited,36000
Funko Pop! Ad Icons Cheetos Chester Cheetah Figure #77,F-POAICCC77,ad-icons,,10,22,chester cheetah,no,no,12000
Funko Pop! Ad Icons Coca-Cola Polar Bear Figure #58,F-POAICPB58,ad-icons,,10,25.1,coca-cola polar bear,no,no,70
Funko Pop! Ad Icons Target Bullseye Red Collar (Flocked) Target Exclusive Figure #05,F-POAITBR05,ad-icons,8/1/2019,10,31.4,target bullseye,flocked,target_exclusive,3900
Funko Pop! Ad Icons Kelloggs Fruit Loops Toucan Sam Funko Shop Exclusive Figure #13,FPO-AIKFLTSEF13,ad-icons,12/23/2018,10,150.1,froot loops,no,funko_shop_limited,36000
Funko Pop! Ad Icons Energizer Bunny Figure #73,F-POAIEBF73,ad-icons,,8,20,energizer bunny,no,no,14000
Funko Pop! Ad Icons Coca Cola Polar Bear (Flocked) Funko Shop Limited Edition Figure #58,F-POAICCP58,ad-icons,,10,32.6,coca-cola polar bear,no,funko_shop_limited,70
Funko Pop! Ad Icons Trix Rabbit (Flocked) Funko Shop Exclusive Figure #10,F-POAITTR10,ad-icons,10/22/2017,10,121.1,trix rabbit,flocked,funko_shop_limited,2200
Funko Pop! Ad Icons Kelloggs Frosted Flakes Tony the Tiger Funko Shop Exclusive Figure #08,F-POAIKFF08,ad-icons,3/17/2017,6,196,frosted flakes,no,funko_shop_limited,24000
Funko Pop! Ad Icons Smokey Bear Figure #75,F-POAISBF75,ad-icons,,5,20.6,smokey bear,no,no,9100
Funko Pop! Ad Icons Toys R Us Marvel Geoffrey as Iron Man Canadian Convention Exclusive Bobble Head Figure #29,F-POAITRU29,ad-icons,,8,29.25,toys r us geoffrey,no,canadian_convention,600
Funko Pop! Ad Icons Lucky Charms Lucky Leprechaun Funko Shop Exclusive Figure #11,FPO-AILCLLEFG11,ad-icons,10/1/2017,8,97.375,lucky leprechaun,no,funko_shop_limited,700
Funko Pop! Ad Icons StarKist Charlie The Tuna Funko Shop Limited Edition Figure #54,F-POAISCT54,ad-icons,,6,257.3333333,starkist charlie,no,funko_shop_limited,80
Funko Pop! Ad Icons Chester Cheetah (Bag) (Sunglasses) Hollywood Exclusive Figure # 78,F-POAICCW78,ad-icons,,10,53,chester cheetah,no,hollywood_exclusive,12000
Funko Pop! Ad Icons Bullseye Target Con Exclusive Figure #118,F-POAIBTC18,ad-icons,2/26/2021,5,33.4,target bullseye,no,convention_exclusive,3900
Funko Pop! Ad Icons Smokey Bear Funko Shop Limited Edition Figure #76,F-POAISBF76,ad-icons,,5,31,smokey bear,no,funko_shop_limited,9100
Funko Pop! Ad Icons Cap'n Crunch Target Exclusive Figure #14,F-POAICCT14,ad-icons,,6,22.16666667,cap'n crunch,no,target_exclusive,7700
Funko Pop! Ad Icons Energizer Bunny (Flocked) Funko Shop Limited Edition Figure #73,F-POAIEB73,ad-icons,,3,29.66666667,energizer bunny,flocked,funko_shop_limited,14000
Funko Pop! Ad Icons Cheetos Chester Cheetah (Diamond) Funko Shop Exclusive Figure #77,F-POAICCCF77,ad-icons,,3,25.33333333,chester cheetah,no,funko_shop_limited,12000
Funko Pop! Ad Icons Monster Cereals Fruit Brute Funko Shop Exclusive Figure #06,F-POAIMCF06,ad-icons,5/18/2017,4,133.75,monster cereals,no,funko_shop_limited,2700
Funko Pop! Ad Icons Target Bullseye Gold Collar (Flocked) Target Exclusive Figure #05,F-POAITBG05,ad-icons,,4,27,target bullseye,flocked,target_exclusive,3900
Funko Pop! Ad Icons Pillsbury Doughboy Be Mine Funko Shop Edition Figure #93,F-POAIPDB93,ad-icons,,3,30.66666667,pillsbury doughboy,no,funko_shop_limited,44000
Funko Pop! Ad Icons Jollibee (Metallic) Figure #30,F-POAIJF30,ad-icons,,2,125,jollibee,metallic,no,193000
Funko Pop! Ad Icons Lucky Charms Lucky Leprechaun (Glow) Funko Shop Exclusive Figure #11,FPO-AILCLLGEF11,ad-icons,12/23/2018,6,100.3333333,lucky leprechaun,glow,funko_shop_limited,700
Funko Pop! Ad Icons Hostess Twinkies Twinkie The Kid Figure #27,FPO-AIHTTTKF27,ad-icons,,4,18,twinkie the kid,no,no,800
Funko Pop! Ad Icons Icee Icee Polar Bear Funko Shop Limited Edition Figure #72,FPO-AIIIPBLEF72,ad-icons,,2,66,icee polar bear,no,funko_shop_limited,250
Funko Pop! Ad Icons Target Bullseye (Gold Collar) (Flocked) Target Exclusive SDCC Figure #05,F-POAITB05,ad-icons,,2,70,target bullseye,flocked,target_exclusive,3900
Funko Pop! Ad Icons Pez Peter Pez Toy Tokyo Exclusive Figure #52,FPO-AIPPPTTEF52,ad-icons,,1,24,peter pez,no,tokyo_exclusive,40
Funko Pop! Ad Icons Cocoa Puffs Sonny the Cuckoo Funko Shop Exclusive Figure #09,F-POAICPS09,ad-icons,10/1/2017,2,101,sonny the cuckoo,no,funko_shop_limited,250
Funko Pop! Ad Icons San Diego Comicon Toucan Summer Convention Exclusive Figure #53,FPO-AISDCTSCF53,ad-icons,,2,20,comic con toucan,no,summer_convention,10
Funko Pop! Ad Icons Otter Pops Louie-Bloo Raspberry SDCC Figure #48,F-POAIOPL49,ad-icons,7/17/2019,1,800,louie-bloo raspberry,no,SDCC,10
Funko Pop! Ad Icons Trix Rabbit Funko Shop Exclusive Figure #10,F-POAITRF10,ad-icons,10/1/2017,2,75,trix rabbit,no,funko_shop_limited,2200
Funko Pop! Ad Icons Honey Nut Cheerios Buzz Funko Shop Limited Edition Figure #21,F-POAIHNC21,ad-icons,,2,31.5,honey nut cheerios buzz,no,funko_shop_limited,90
Funko Pop! Ad Icons Toys R Us Canada DC Geoffrey as Batman Toys R Us Exclusive Figure #69,F-POAITRU69,ad-icons,,2,34.5,toys r us geoffrey,no,toys_r_us_exclusive,600
Funko Pop! Ad Icons Frosted Flakes Tony the Tiger (Flocked) Funko Shop Exclusive Figure #08,F-POAIFFT08,ad-icons,10/22/2017,2,400,frosted flakes,flocked,funko_shop_limited,24000
Funko Pop! Ad Icons Domino's The Noid Target Exclusive Figure #17,F-POAIDTN17,ad-icons,,2,17.5,the noid,no,target_exclusive,14000
Funko Pop! Ad Icons Cap'n Crunch Jean LaFoote Funko Shop Limited Edition Figure #16,F-POAICCJ16,ad-icons,,1,65,cap'n crunch,no,funko_shop_limited,7700
Funko Pop! Ad Icons Jollibee Jollibee in Philippine Barong (Glow) Hobbiestock Exclusive Figure #51,FPO-AIJJIPBGH51,ad-icons,,1,45,jollibee,glow,funko_shop_limited,193000
Funko Pop! Ad Icons Hostess Cupcakes Captain Cupcakes Funko Shop Limited Edition Figure #66,FPO-AIHCCLFEF66,ad-icons,,1,21,captain cupcakes,no,funko_shop_limited,10
Funko Pop! Ad Icons Jollibee Jollibee in Philippine Barong Philippine Independence Day Exclusive Figure #51,FPO-AIJJIPBID51,ad-icons,,6,36,jollibee,no,philippine,193000
Funko Pop! Ad Icons Smokey Bear (Flocked) Hot Topic Exclusive Figure #75,F-POAISB75,ad-icons,,2,33.5,smokey bear,flocked,hot_topic_exclusive,9100
Funko Pop! Animation My Hero Academia Dabi Fall Convention Figure #637,F-POAMHA37,anime,,10,135.5,dabi,no,fall_convention,274000
Funko Pop! Animation Attack on Titan Beast Titan Hot Topic Exclusive 6 inch Figure #504,F-POAAOTB04,anime,,10,109.3,beast titan,no,hot_topic_exclusive,84000
Funko Pop! Animation Naruto Shippuden Naruto (Sage Mode) Gamestop Exclusive Figure #185,F-POANSN85,anime,12/27/2016,10,60.4,naruto,no,gamestop_exclusive,1100000
Funko Pop! Animation Naruto Shippuden Kakashi (Lightning Blade) Hot Topic Exclusive Figure #548,F-POANSK48,anime,,10,35.3,kakashi,no,hot_topic_exclusive,301000
Funko Pop! Animation One Piece Trafalgar. Law Figure #101,F-POAOPTL01,anime,,10,374.7,trafalgar law,no,no,65000
Funko Pop! Animation Naruto Shippuden Kurama (Flocked) Hot Topic Exclusive Figure #73,F-POANSK73,anime,,10,51.7,kurama,flocked,hot_topic_exclusive,101000
Funko Pop! Animation Dragon Ball Super SSG Goku Summer Convention Exclusive Figure #827,F-POADBSS26,anime,7/22/2020,10,47.3,goku,no,summer_convention,318000
Funko Pop! Animation Attack on Titan Levi Figure #235,F-POAAOTL35,anime,,10,36.3,levi,no,no,401000
Funko Pop! Animation Dragonball Super Super Saiyan Rose Goku Black Hot Topic Exclusive Figure #260,F-POADSSS60,anime,,10,36.5,goku,no,hot_topic_exclusive,318000
Funko Pop! Animation One Piece Tony Tony Chopper (Flocked) Funimation Exclusive Figure #99,F-POAOPTT99,anime,5/6/2016,10,224.9,tony tony chopper,flocked,funimation_exclusive,36000
Funko Pop! Animation Dragonball Z Jiren Convention Exclusive Figure #516,F-POADZJC16,anime,,6,34.16666667,jiren,no,convention_exclusive,68000
Funko Pop! Animation My Hero Academia All Might Funimation Exclusive Figure #248,FPO-AMHAAMFF248,anime,,4,52.25,all might,no,funimation_exclusive,256000
Funko Pop! Animation Dragonball Z Beerus (Flocked) Funimation Exclusive Figure #514,F-POADZB14,anime,,10,53.5,beerus,flocked,funimation_exclusive,74000
Funko Pop! Animation My Hero Academia Katsuki Bakugo Summer Convention Exclusive Figure #803,F-POAMHAK0,anime,7/22/2020,10,93.4,katsuki bakugo,no,summer_convention,30000
Funko Pop! Animation Naruto Shippuden Itachi AEC Exclusive Figure #578,F-POANSIA78,anime,,10,54,itachi,no,aec_exclusive,227000
Funko Pop! Animation Dragonball Z Great Ape Vegeta Fall Convention Figure #434,F-POADZGA34,anime,,10,47.2,vegeta,no,fall_convention,164000
Funko Pop! Animation My Hero Academia All Might (Glow) Funimation Exclusive Figure #248,FPO-AMHAAMGF248,anime,10/1/2017,10,126,all might,glow,funimation_exclusive,256000
Funko Pop! Animation One Piece Brook Funko Fall Convention Figure #358,FPO-AOPBFFCF358,anime,11/3/2018,10,322.4,brook,no,fall_convention,63000
Funko Pop! Animation Dragonball Super Goku (Ultra Instinct) Figure #386,F-POADSG86,anime,,10,28.1,goku,no,no,318000
Funko Pop! Animation My Hero Academia Hero Killer Stain Fall Convention Figure #636,F-POAMHAHK36,anime,,10,49.7,killer stain,no,fall_convention,14000
Funko Pop! Animation DragonBall Z Whis (Metallic) SDCC Figure #317,F-POADZW17,anime,11/27/2018,10,94.3,whis,metallic,SDCC,30000
Funko Pop! Animation Nartuo Shippuden Sasuke (Curse Mark) Convention Exclusive Figure #455,F-POANSS55,anime,,10,69.1,sasuke,no,convention_exclusive,271000
Funko Pop! Animation Naurto Shippuden Naurto Uzumaki (Sexy Jutsu) Box Lunch Exclusive Figure #726,F-POANSNU26,anime,,10,32.9,uzumaki,no,box_lunch_exclusive,122000
Funko Pop! Animation Naruto Shippuden Kakashi Figure #182,F-POANSKF82,anime,,10,33.7,kakashi,no,no,301000
Funko Pop! Animation Naruto Shippuden Kaguya Otsutsuki Fall Convention Exclusive Figure #179,F-POANSKO79,anime,10/8/2020,10,47.4,kaguya otsutsuki,no,fall_convention,20000
Funko Pop! Animation Naruto Shippuden Tobi Figure #184,F-POANSTF84,anime,,10,35.7,tobi,no,no,161000
Funko Pop! Animation Naruto Shippuden Naruto Uzumaki (Six Path) (Glow) Hot Topic Exclusive Figure #186,F-POANSNU86,anime,1/14/2017,10,64.4,uzumaki,glow,hot_topic_exclusive,122000
Funko Pop! Animation My Hero Academia Mr.Compress Fall Convention Exclusive Figure #820,F-POAMHAM2,anime,10/8/2020,10,18.4,mr compress,no,fall_convention,22000
Funko Pop! Animation Dragonball Z Resurrection F Golden Frieza Summer Convention Figure #47,F-POADZRF47,anime,,10,95,frieza,no,summer_convention,76000
Funko Pop! Animation My Hero Academia Tenya Figure #250,F-POAMHAT50,anime,6/1/2017,10,180.2,tenya,no,no,57000
Funko Pop! Animation My Hero Academia Ochaco (Masked) SDCC Figure #253,F-POAMHAO53,anime,6/1/2017,10,363.8,ochaco,no,SDCC,52000
Funko Pop! Animation Dragonball Z Super Saiyan Goku (Glow) Entertainment Earth Exclusive Figure #14,F-POADZSS145,anime,,10,26.2,goku,glow,earth_exclusive,318000
Funko Pop! Animation Yu-Gi-Oh! Dark Magician Hot Topic Exclusive Figure #595,F-POAYDMH95,anime,,10,29.7,dark magician,no,hot_topic_exclusive,45000
Funko Pop! Animation Soul Eater Soul Figure #79,F-POASESF79,anime,,10,127.1,soul eater,no,no,171000
Funko Pop! Animation My Hero Academia All Might (Weakened) Box Lunch Exclusive Figure #648,F-POAMHAA48,anime,,10,42.5,all might,no,box_lunch_exclusive,256000
Funko Pop! Animation Sword Art Online Asuna Figure #81,FPO-ASAONASFG81,anime,,10,166.9,asuna,no,no,77000
Funko Pop! Animation Dragonball Z Super Super Saiyan Rose Hot Topic Exclusive Figure #260,F-POADZSS60,anime,,10,28.8,super saiyan rose,no,hot_topic_exclusive,16000
Funko Pop! Animation Naurto Shippuden Gaara Figure #728,F-POANSGF28,anime,,10,32.3,gaara,no,no,150000
Funko Pop! Animation Boruto Naruto (Hokage) AAA Anime Exclusive Figure #724,F-POABNA24,anime,,10,26.3,boruto naruto,no,aaa_anime_exclusive,23000
Funko Pop! Animation DragonBall Z Beerus (Metallic) SDCC Figure #120,F-POADZB20,anime,6/15/2016,10,209.1,beerus,metallic,SDCC,74000
Funko Pop! Animation Dragonball Z Super SSGSS Goku (Kamehameha) Chalice Collectibles Exclusive Figure #563,F-POADZSS63,anime,,10,24.3,goku,no,chalice_exclusive,318000
Funko Pop! Animation My Hero Academia Deku (Glow) Entertainment Earth Exclusive Figure #596,F-POAMHAD96,anime,,10,29.8,deku,glow,earth_exclusive,451000
Funko Pop! Animation Attack On Titan Mikasa Ackerman Figure #21,F-POAAOTM21,anime,7/14/2014,10,200.3,mikasa ackerman,no,no,122000
Funko Pop! Animation My Hero Academia Ochaco Uraraka Funimation Exclusive Figure #887,F-POAMHAO8,anime,,10,35.8,ochaco uraraka,no,funimation_exclusive,52000
Funko Pop! Animation Attack on Titan Armored Titan 6 inch Figure #234,F-POAAOTA34,anime,,10,226.8,armored titan,no,no,36000
Funko Pop! Animation Dragon Ball Super SSG Goku SDCC Exclusive Figure #827,F-POADBSS27,anime,7/22/2020,10,80.9,goku,no,SDCC,318000
Funko Pop! Animation Dragonball Z Porunga Spring Convention Exclusive Figure #550,F-POADZPS50,anime,,10,27.7,porunga,no,spring_convention,1600
Funko Pop! Animation My Hero Academia Todoroki (Glow) Convention Exclusive Figure #372,F-POAMHATC72,anime,,10,45.2,todoroki,glow,convention_exclusive,480000
Funko Pop! Animation Dragonball Super Vegeta Poweing Up (Glow) Chalice Collectibles Exclusive Figure #713,F-POADSVP13,anime,,10,25.8,vegeta,glow,chalice_exclusive,164000
Funko Pop! Animation Dragonball Z Gohan (Training Outfit) Figure #383,F-POADZG83,anime,,10,18.6,gohan,no,no,67000
Funko Pop! Animation Dragonball Z Super Saiyan Trunks NYCC Figure #155,F-POADZSS55,anime,,10,61.8,super saiyan trunks,no,NYCC,1500
Funko Pop! Animation Naruto Shippuden Sasuke Curse Mark Figure #455,F-POANSSC55,anime,,9,58,sasuke,no,no,271000
Funko Pop! Animation Dragonball Z Perfect Cell (Glow) Spring Convention Exclusive Figure #759,F-POADZPC59,anime,,9,23.55555556,perfect cell,glow,spring_convention,14000
Funko Pop! Boruto Mitsuki (Sage Mode) (Glow) Hot Topic Exclusive Figure #699,F-POBMM99,anime,,8,34.75,mitsuki,glow,hot_topic_exclusive,68000
Funko Pop! Animation Dead Yamcha Summer Convention Figure #397,F-POADYSC97,anime,,7,24.42857143,dead yamcha,no,summer_convention,1000
Funko Pop! Animation DragonBall Z Majin Vegeta over9000.com Exclusive Figure #445,F-POADZMV45,anime,11/27/2018,10,61.8,vegeta,no,over9000_exclusive,164000
Funko Pop! Animation Naruto Shippuden Naruto (Rasengan) Figure #181,F-POANSN81,anime,,7,35.28571429,rasengan,no,no,48000
Funko Pop! Animation DragonBall Z Future Trunks (Chase) Hot Topic Exclusive Figure #639,F-POADZFT39,anime,,10,97.3,future trunks,no,hot_topic_exclusive,27000
Funko Pop! Animation My Hero Academia Deku (Battle) Figure #252,F-POAMHAD52,anime,,7,25.28571429,deku,no,no,451000
Funko Pop! Animation DragonBall Z Super Saiyan Vegeta Red Chrome Summer Convention Exclusive Figure #154,FPO-ADZSSVRCEF1,anime,,10,22.5,vegeta,no,summer_convention,164000
Funko Pop! Animation My Hero Academia Hero Killer Stain NYCC Figure #636,F-POAMHAH36,anime,,9,72.11111111,killer stain,no,NYCC,14000
Funko Pop! Animation My Hero Academia Todoroki Figure #372,F-POAMHAT72,anime,,7,27.28571429,todoroki,no,no,480000
Funko Pop! Animation Dragonball Z Super Saiyan 2 Gohan EB Exclusive Figure #518,F-POADZSS18,anime,,6,40.16666667,gohan,no,EB_exclusive,67000
Funko Pop! Animation My Hero Academia Deku in Onesie Game Stop Exclusive Figure #494,F-POAMHAD94,anime,,6,46,deku,no,gamestop_exclusive,451000
Funko Pop! Animation My Hero Academia Mystery Box Mystery Box,F-POAMHAMOX,anime,,6,69,mystery box,no,no,43000
Funko Pop! Animation Dragonball Z Piccolo Fall Convention Edition Figure #670,F-POADZPF70,anime,,6,30.66666667,piccolo,no,fall_convention,97000
Funko Pop! Animation Dragonball Z Super Saiyan 2 Vegeta PX Previews Exclusive Figure #709,F-POADZSS093,anime,,6,21.16666667,vegeta,no,previews_exclusive,164000
Funko Pop! Animation Dragonball Z Vegeta Figure #10,F-POADZVF10,anime,,6,27.16666667,vegeta,no,no,164000
Funko Pop! Animation Dragonball Z Super Saiyan Vegito AAA Anime Exclusive Figure #491,F-POADZSS915,anime,,6,23.66666667,vegeta,no,aaa_anime_exclusive,164000
Funko Pop! Animation Sailor Moon Sailor Mercury Figure #91,F-POASMSM91,anime,,6,85.83333333,sailor mercury,no,no,44000
Funko Pop! Animation My Hero Academia Mr.Compress NYCC Exclusive Figure #820,F-POAMHAM820,anime,10/8/2020,6,40.66666667,mr compress,no,NYCC,22000
Funko Pop! Animation Bleach Ichigo Kurosaki (Hollow) (Black and White) Gamestop Exclusive Figure #96,F-POABIK96,anime,12/23/2015,6,225.8333333,ichigo kurosaki,no,gamestop_exclusive,42000
Funko Pop! Animation DragonBall Z Frieza (Metallic) SDCC Figure #47,F-POADZF47,anime,5/18/2015,10,233.5,frieza,metallic,SDCC,76000
Funko Pop! Animation Dragonball Z Gotenks (Super Ghost Kamikaze Attack) Summer Convention Exclusive Figure #634,F-POADZG3,anime,,10,22.5,gotenks,no,summer_convention,17000
Funko Pop! Animation Dragonball Super Vegeta Poweing Up (Chase) Chalice Collectibles Exclusive Figure #713,F-POADSVP713,anime,,5,53.2,vegeta,no,chalice_exclusive,164000
Funko Pop! Animation Yu Yu Hakusho Hiei Funimation Exclusive Figure #547,F-POAYYHH47,anime,,6,40.33333333,hiei,no,funimation_exclusive,30000
Funko Pop! Animation My Hero Academia Himiko Toga AAA Anime Exclusive Figure #610,F-POAMHAH10,anime,,5,33.8,himiko toga,no,aaa_anime_exclusive,158000
Funko Pop! Animation Bleach Rukia Figure #60,F-POABRF60,anime,,6,123.3333333,rukia,no,no,31000
Funko Pop! Animation DragonBall Z Super Saiyan God Super Saiyan Vegeta (Metallic Blue) GameStop Exclusive Figure #156,F-POADZSS56,anime,10/5/2016,10,56.2,vegeta,metallic,gamestop_exclusive,164000
Funko Pop! Animation Dragonball Z Kid Buu Figure #620,F-POADZKB20,anime,,5,27.4,kid buu,no,no,24000
Funko Pop! Animation My Hero Academia Katsuki Bakugo SDCC Exclusive Figure #803,F-POAMHAK04,anime,7/22/2020,4,112,katsuki bakugo,no,SDCC,30000
Funko Pop! Animation Dragonball Z Android 18 Figure #530,F-POADZA130,anime,,4,18.75,android 18,no,no,81000
Funko Pop! Animation Dragonball Z Resurrection F Beerus SDCC Figure #120,F-POADZRFB20,anime,,4,190,beerus,no,SDCC,74000
Funko Pop! Animation Dragonball Z Vegeta (Chrome) 25 Years of Fun Funimation Figure #10,F-POADZV10,anime,,5,30.2,vegeta,no,funimation_exclusive,164000
Funko Pop! Animation Dragonball Z Frieza Figure #619,F-POADZFF19,anime,,6,20.33333333,frieza,no,no,76000
Funko Pop! Animation Naurto Shippuden Nauto Uzumaki Figure #727,F-POANSNU27,anime,,4,27.25,uzumaki,no,no,122000
Funko Pop! Animation Dragonball Z Super Saiyan 3 Goku EB Exclusive Figure #492,F-POADZSS927,anime,,4,40,goku,no,EB_exclusive,318000
Funko Pop! Animation Attack on Titan Female Titan Figure #233,F-POAAOTF33,anime,,4,119.75,female titan,no,no,28000
Funko Pop! Animation Yu Gi Oh! Blue-Eyes White Dragon Figure #389,F-POAYGO389,anime,,4,33,blue-eyes white dragon,no,no,4800
Funko Pop! Animation Dragonball Goku & Flying Nimbus (Chrome) 25 Years Funimation Exclusive Figure #109,F-POADGF099,anime,,4,31.25,goku,no,funimation_exclusive,318000
Funko Pop! Animation Dragonball Son Goku Funko Insider Club Figure #517,F-POADSGF17,anime,,4,25.5,goku,no,funko_insider_club,318000
Funko Pop! Animation DragonBall Z Broly (Super Saiyan) SDCC Figure #402,F-POADZB02,anime,11/27/2018,10,57.7,broly,no,SDCC,105000
Funko Pop! Animation Attack on Titan Cleaning Levi Hot Topic Exclusive Figure #239,F-POAAOTC39,anime,,5,63,cleaning levi,no,hot_topic_exclusive,1300
Funko Pop! Animation Attack the Titan Eren Jarger Bait Exclusive Figure #20,F-POAATTE20,anime,,4,91.5,eren jaeger,no,bait_exclusive,71000
Funko Pop! Animation Dragonball Super Whis Figure #317,F-POADSWF17,anime,,5,17.6,whis,no,no,30000
Funko Pop! Animation Dragonball Z Super Saiyan Gotenks AAA Anime Exclusive Figure #622,F-POADZSS228,anime,,3,25.66666667,gotenks,no,aaa_anime_exclusive,17000
Funko Pop! Animation Dragonball Z Perfect Cell Figure #13,F-POADZPC139,anime,,3,19.33333333,perfect cell,no,no,14000
Funko Pop! Animation Dragonball Z Planet Arlia Vegeta Toy Tokyo NYCC Figure #10,F-POADZPA10,anime,,3,2150,vegeta,no,tokyo_exclusive,164000
Funko Pop! Animation Naruto Shippeden Sakura Figure #183,F-POANSSF83,anime,,3,23.33333333,sakura,no,no,221000
Funko Pop! Animation Naruto Shippuden Kurama (Glow) GameStop Exclusive 6 Inch Figure #97,F-POANSK97,anime,,3,228.3333333,kurama,glow,gamestop_exclusive,101000
Funko Pop! Animation Sword Art Online Kiritom Hot Topic Exclusive Figure #82,F-POASAOK82,anime,,3,63.66666667,kirito,no,hot_topic_exclusive,112000
Funko Pop! Animation Dragonball Z Super Hit Toys R Us Exclusive Figure #315,F-POADZSH15,anime,,3,26,hit,no,toys_r_us_exclusive,49000
Funko Pop! Animation My Hero Academia Todoroki (Glow) Figure #372,F-POAMHATG72,anime,,4,29.25,todoroki,glow,no,480000
Funko Pop! Animation Attack on Titan Armin Arlelt FYE Exclusive Figure #237,F-POAAOTA37,anime,,3,88.66666667,armin arlert,no,fye_exclusive,53000
Funko Pop! Animation Naruto Shippuden Kaguya Otsutsuki NYCC Exlcusive Figure #179,F-POANSKO179,anime,10/8/2020,3,63,kaguya otsutsuki,no,NYCC,20000
Funko Pop! Animation My Hero Academia Fumikage Tokoyami Figure #607,F-POAMHAF07,anime,,3,23.33333333,fumikage tokoyami,no,no,13000
Funko Pop! Animationo Attack on Titan Eren (Titan Form) Hot Topic Exclusive Figure #22,F-POAAOTE2,anime,,3,178.3333333,eren jaeger,no,hot_topic_exclusive,71000
Funko Pop! Animation One Piece Portgas. D. Ace Figure #100,F-POAOPPD00,anime,,4,30.75,portgas d ace,no,no,18000
Funko Pop! Animation Dragonball Z Master Roshi (Peace Sign) FYE Exclusive Figure #381,F-POADZMR81,anime,,3,19.33333333,master roshi,no,fye_exclusive,50000
Funko Pop! Animation Dragonball Z Tien and Chiaotzu Figure #384,F-POADZTA84,anime,,4,17.75,chiaotzu,no,no,16000
Funko Pop! Animation Dragonball Z Vegeta SDCC Figure #10,F-POADZVS10,anime,,4,58.75,vegeta,no,SDCC,164000
Funko Pop! Animation My Hero Academia Tsuyu Figure #374,F-POAMHAT74,anime,,3,29.33333333,tsuyu,no,no,105000
Funko Pop! Animation Bleach Ichigo Figure #59,F-POABIF59,anime,,2,56,ichigo,no,no,67000
Funko Pop! Animation My Hero Academia Silver Age All Might (Glow) Hot Topic Exclusive Figure #608,F-POAMHASG08,anime,,2,41.5,all might,glow,hot_topic_exclusive,256000
Funko Pop! Animation My Hero Academia Endeavor Game Stop Exclusive Figure #495,F-POAMHAE95,anime,,2,32,endeavor,no,gamestop_exclusive,199000
Funko Pop! Animation Tokyo Ghoul Half-Kakuja Kaneki Figure #465,F-POATGHK65,anime,,2,40,half-kakuja kaneki,no,no,10
Funko Pop! Animation DragonBall Z Goku (w Nimbus) Galactic Toys Exclusive Figure #109,F-POADZG09,anime,9/29/2016,2,56.5,goku,no,galactic_toys_exclusive,318000
Funko Pop! Animation Dragonball Z Super Saiyan Goku Lootcrate Exclusive Figure #14,F-POADZSS146,anime,,2,45,goku,no,lootcrate_exclusive,318000
Funko Pop! Animation Dragonball Z Super Zen-Oh Galactic Toys Exclusive Figure #362,F-POADZSZ62,anime,,3,26.33333333,zen-oh,no,galactic_toys_exclusive,1600
Funko Pop! Animation Fullmetal Alchemist Alphonse Elric Figure #392,F-POAFAAE92,anime,,2,25,alphonse elric,no,no,24000
Funko Pop! Animation Dragonball Z Resurrection F Beerus Figure #120,F-POADZRFR20,anime,,2,60.5,beerus,no,no,74000
Funko Pop! Animation Dragonball Z Mecha Frieza Figure #705,F-POADZNF05,anime,,2,18.5,mecha frieza,no,no,2300
Funko Pop! Animation Fairytail Gajeel (Dragon Force) Spring Convention Edition Figure #481,F-POAFGF81,anime,,2,25,gajeel,no,spring_convention,12000
Funko Pop! Animation My Hero Academia Mei Hatsume Hot Topic Exclusive Figure #681,F-POAMHAM81,anime,,2,65,mei hatsume,no,hot_topic_exclusive,49000
Funko Pop! Aniamtion Death Note Light Figure #216,F-POADNLF16,anime,,2,73.5,light,no,no,404000
Funko Pop! Animation Dragonball Z Piccolo Figure #11,F-POADZPF11,anime,,3,19,piccolo,no,no,97000
Funko Pop! Animation Dragonball Z Master Roshi (Max Power) Funko Specialty Series Figure #533,F-POADZMR33,anime,,2,17.5,master roshi,no,funko_specialty_series,50000
Funko Pop! Animation My Hero Academia Mount Lady Hot Topic Exclusive 6 Inch Figure #612,F-POAMHAM12,anime,,2,43,mount lady,no,hot_topic_exclusive,12000
Funko Pop! Animation Dragonball Z Resurrection F Super Saiyan God Super Saiyan Vegeta Gamestop Exclusive Figure #156,F-POADZRF56,anime,,2,60,vegeta,no,gamestop_exclusive,164000
Funko Pop! Animation My Hero Academia Dabi NYCC Figure #637,F-POAMHAD37,anime,,3,198.3333333,dabi,no,NYCC,274000
Funko Pop! Animation One Piece TonyTony. Chopper Funimation Exclusive Figure #99,F-POAOPTC99,anime,,2,160,tony tony chopper,no,funimation_exclusive,36000
Funko Pop! Animation Sailor Moon Sailor Saturn Figure #299,F-POASMSS99,anime,,1,54,sailor saturn,no,no,48000
"Funko Pop! Animation One Piece Brook (w Guitar) Hot Topic, NYCC Exclusive Figure #358",F-POAOPB58,anime,8/3/2018,1,500,brook,no,NYCC,63000
Funko Pop! Animation Yu Gi Oh! Yami Yugi Figure #387,F-POAYGOY87,anime,,1,34,yami yugi,no,no,15000
Funko Pop! Animation Dragonball Z Super Saiyan 2 Vegeta (Glow) Chase PX Previews Exclusive Figure #709,F-POADZSS09,anime,,3,33,vegeta,glow,previews_exclusive,164000
Funko Pop! Animation Fullmetal Alchemist Edward Elric Figure #391,F-POAFAEE91,anime,,1,35,edward elric,no,no,72000
Funko Pop! Animation Sailor Moon Sailor Chibi Moon Figure #295,F-POASMSC95,anime,,1,70,sailor chibi moon,no,no,5300
Funko Pop! Animation Fairytail Swim Time Happy Hot Topic Exclusive Figure #286,F-POAFSTH86,anime,,1,30,swim time happy,no,hot_topic_exclusive,10
Funko Pop! Animation My Hero Academia Tomura Shigaraki Galactic Toys Exclusive Figure #565,F-POAMHAT65,anime,,1,35,tomura shigaraki,no,galactic_toys_exclusive,68000
Funko Pop! Animation DragonBall Z Trunks (Super Saiyan) NYCC Figure #155,F-POADZT55,anime,8/27/2016,1,62,trunks,no,NYCC,49000
Funko Pop! Animation Sword Art Online Kirito Figure #82,F-POASAOK823,anime,,1,43,kirito,no,no,112000
Funko Pop! Animation My Hero Academia Mirio Togata Chalic Collectibles Exclusive Figure #611,F-POAMHAM11,anime,,1,24,mirio togata,no,chalice_exclusive,54000
Funko Pop! Animation Ouran Host Club Tamaki Figure #378,F-POAOHCT78,anime,,1,90,tamaki,no,no,99000
Funko Pop! Animation Sailor Moon Sailor Mars Figure #92,F-POASMSM92,anime,3/30/2016,3,56.66666667,sailor mars,no,no,58000
Funko Pop! Animation Yu Gi Oh! Blue-Eyes White Dragon Box Lunch Exclusive Figure #389,F-POAYGOB89,anime,,2,53.5,blue-eyes white dragon,no,box_lunch_exclusive,4800
Funko Pop! Animation Bleach Renji Game Stop Exclusive Figure #347,F-POABRGS47,anime,,2,37,renji,no,gamestop_exclusive,9700
Funko Pop! Animation One Piece Vinsmoke Sanji Figure #398,F-POAOPVS98,anime,,1,50,vinsmoke sanji,no,no,5900
Funko Pop! Animation Dragonball Z Vegeta (Eating Noodles) Spring Convention Figure #758,F-POADZV58,anime,,1,30,vegeta,no,spring_convention,164000
Funko Pop! Animation Dragonball Z Bulma Figure #707,F-POADZBF07,anime,,1,50,bulma,no,no,66000
Funko Pop! Animation Fairytail Gray Fullbuster Figure #282,F-POAFGFF82,anime,,2,55,gray fullbuster,no,no,19000
Funko Pop! Animation My Hero Academia Izuku Midoriya Figure #603,F-POAMHAI03,anime,,2,23,izuku midoriya,no,no,198000
Funko Pop! Animation Fullmetal Alchemist Roy Mustang Figure #393,F-POAFARM93,anime,,1,77,roy mustang,no,no,42000
Funko Pop! Animation Ouran Host Club Haruhi Figure #377,F-POAOHCH77,anime,,1,80,haruhi,no,no,43000
Funko Pop! Animation Cowboy Bebop 20th Vicious Figure #469,F-POACB2V69,anime,,2,20.5,vicious,no,no,71000
Funko Pop! Animation Cowboy Bebop Spike Spiegal Figure #146,F-POACBSS46,anime,10/22/2016,8,158.5,spike spiegel,no,no,88000
Funko Pop! Animation Spongebob Squarepants (Rainbow) Figure #558,F-POASSF58,anime,,9,130.4444444,spongebob rainbow,no,no,2700
Funko Pop! Animation Avatar Aang on Airscooter (Avatar State) Hot Topic Exclusive Figure #541,F-POAAAOA41,anime,2/4/2019,7,21.57142857,aang,no,hot_topic_exclusive,201000
Funko Pop! Animation Casper The Friendly Ghost Casper (Glow) Funko Shop Figure #850,F-POACTFG50,anime,10/16/2020,7,24.71428571,casper the friendly ghost,glow,funko_shop_limited,29000
Funko Pop! Animation Futurama Bender (Gold) Summer Convention Exclusive Figure #29,F-POAFBS29,anime,1/3/2015,10,59,futurama bender,no,summer_convention,2600
Funko Pop! Animation Rick and Morty Pickle Rick (with Laser) Figure #332,F-POARAMP32,anime,,8,34.75,pickle rick,no,no,83000
Funko Pop! Animation Danny Phantom Fall Convention Exclusive Figure #854,F-POADPFC54,anime,10/8/2020,6,47,danny phantom,no,fall_convention,159000
Funko Pop! Animation Danny Phantom NYCC Figure #854,F-POADPNF54,anime,10/8/2020,5,55,danny phantom,no,NYCC,159000
Funko Pop! Animation Avatar: The Last Airbender Aang on Airscooter (Glow Chase) Hot Topic Exclusive Figure #541,F-POAATLA41,anime,,3,81.33333333,aang,glow,hot_topic_exclusive,201000
Funko Pop! Animation Scooby-Doo Art Series Funko Shop Exclusive Figure #12,F-POASASF12,anime,,3,53,scooby-doo,no,funko_shop_limited,52000
Funko Pop! Animation Spongbob Squarepants Patrick Star Figure #559,F-POASSPS59,anime,,4,26,patrick star,no,no,65000
Funko Pop! Animation GI Joe Snake Eyes Bait Exclusive Figure #42,F-POAGJSE42,anime,,4,24.5,snake eyes,no,bait_exclusive,46000
Funko Pop! Animation Scooby Doo Captain Cutler (Glow) Funko Shop Exclusive Figure #632,F-POASDCC32,anime,6/24/2019,8,89.125,captain cutler,glow,funko_shop_limited,300
Funko Pop! Animation Peanuts Beagle Scout Snoopy with Woodstock Funko Shop Exclusive Figure #885,F-POAPBSS85,anime,,2,30,snoopy,no,funko_shop_limited,86000
Funko Pop! Animation Rick And Morty Roy Gamestop Exclusive Figure #418,F-POARAMR18,anime,11/9/2018,5,130.6,roy,no,gamestop_exclusive,389000
Funko Pop! Animation Digimon Agumon Figure #429,F-POADAF29,anime,,2,20,agumon,no,no,21000
Funko Pop! Animation GI Joe Cobra Commander Bait Exclusive Figure #44,F-POAGJCC44,anime,,3,23.33333333,cobra commander,no,bait_exclusive,26000
Funko Pop! Animation Scooby-Doo (Flocked) Box Lunch Exclusive Figure #149,F-POASBL49,anime,,1,45,scooby-doo,flocked,box_lunch_exclusive,52000
Funko Pop! Animation Nickelodeon Avatar The Last Airbender Zuko Figure #538,F-POANATL38,anime,,1,50,zuko,no,no,254000
Funko Pop! Animation The Flintstones The Great Gazoo (Glow) Spring Convention Exclusive Figure #743,F-POATFTG43,anime,,1,70,the great gazoo,glow,spring_convention,4500
Funko Pop! Animation Scooby Doo Art Series Box Lunch Exclusive Figure #11,F-POASDAS11,anime,10/1/2020,1,30,scooby-doo,no,box_lunch_exclusive,52000
Funko Pop! Animation Looney Tunes Duck Dodgers Marvin the Martian Pink SDCC Figure #143,FPO-ALTDDMMPF14,anime,5/1/2017,1,80,marvin the martian,no,SDCC,38000
Funko Pop! Animation Futurama Robot Devil (w Violin) Toy Tokyo Exclusive Figure #35,F-POAFRD30,anime,4/20/2015,1,488,robot devil,no,tokyo_exclusive,2500
Funko Pop! Animation Looney Tunes Playboy Penguin Summer Convention Edition Figure #396,F-POALTPP96,anime,,1,23,playboy penguin,no,summer_convention,100
Funko Pop! Animation Scooby-Doo Gemini Exclusive Figure #149,F-POASGEF49,anime,,1,70,scooby-doo,no,gemini_exclusive,52000
Funko Pop! Animation Scooby-Doo The Creeper Spring Convention Exclusive Figure #203,F-POASTCS03,anime,,1,199,the creeper,no,spring_convention,7300
Funko Pop! Disney Gravity Falls Waddles Hot Topic Exclusive Figure #490,F-PODGFWH90,anime,,1,26,waddles,no,hot_topic_exclusive,5500
Funko Pop! Animation Scooby Doo The Creeper Emerald City Comic Con Figure #203,F-POASDTC03,anime,1/6/2017,1,150,the creeper,no,emerald_city,7300
Funko Pop! Animation Futurama Robot Devil Figure #30,F-POAFRDF30,anime,,1,71,robot devil,no,no,2500
Funko Pop! Animation Scooby-Doo Captain Cutler (Glow) Popcultcha Exclusive Figure #632,F-POASCC32,anime,,1,136,captain cutler,glow,popcultcha_exclusive,300
Funko Pop! Animation Rick and Morty Pick Rick PX Previews Exclusive Figure #350,F-POARAMP50,anime,,1,20,pickle rick,no,previews_exclusive,83000
Funko Pop! Animation Looney Tunes Daffy Duck Saturday Morning Cartoons Figure #255,F-POALTDD55,anime,,1,150,daffy duck,no,no,47000
Funko Pop! Animation Rick and Morty Snowball (Flocked) LA Comic Con Exclusive Figure #174,F-POARAMS74,anime,,1,32,snowball,flocked,la_comic_con_exclusive,68000
Funko Pop! Animation Disney Gravity Falls Bill Cipher Chase Edition Figure #243,F-POADGFB43,anime,,1,76,bill cipher,no,no,71000
Funko Pop! Animation Inspector Gadget Inspector Gadget (with skates) Funko Shop Exclusive Figure #895,F-POAIGIG95,anime,,1,26,inspector gadget,no,funko_shop_limited,58000
Funko Pop! Animation Rick and Morty Mr. Meeseeks Figure #174,F-POARAMM74,anime,,1,20,mr meeseeks,no,no,23000
Funko Pop! Animation Scooby-Doo Werewolf Popcultcha Exclusive Figure #631,F-POASWPE31,anime,,1,60,werewolf,no,popcultcha_exclusive,175000
Funko Pop! Animation Rick and Morty Prison Break Rick Figure #339,F-POARAMP39,anime,,3,26,prison break rick,no,no,10
Funko Pop! Animation Looney Tunes Duck Dodgers (Glow Blue) SDCC Figure #127,F-POALTDD27,anime,6/4/2016,1,200,duck dodgers,glow,SDCC,12000
Funko Pop! Animation GI Joe Storm Shadow Bait Exclusive Figure #43,F-POAGJSS43,anime,,2,19.5,storm shadow,no,bait_exclusive,9200
Funko Pop! Animation Nickelodeon Rugrats Reptar (Chase) Figure #227,F-POANRR27,anime,,1,45,rugrats reptar,no,no,1100
Funko Pop! Animation The Flintstones Dino (Blue) Funko Shop Exclusive Figure #406,F-POATFD06,anime,5/29/2018,1,99,flintstones dino,no,funko_shop_limited,900
Funko Pop! Animation Betty Boop Elf Betty Boop and Pudgy Funko Shop Edition Figure #505,F-POABBEB05,anime,,2,15,betty boop,no,funko_shop_limited,102000
Funko Pop! Animation Care Bear Trick-or-Sweet Bear Funko Shop Edition Figure #420,F-POACBTB20,anime,,3,48,care bear,no,funko_shop_limited,14000
Funko Pop! Disney Carl and Ellie Movie Moment Fall Convention Exclusive Figure #979,F-PODCAEM79,disney,10/8/2020,10,52.2,carl and ellie,no,fall_convention,3000
Funko Pop! Disney Pirates of the Caribbean Treasure Skeleton (Glow) ECCC Exclusive Figure #783,F-PODPOTC83,disney,,10,237.4,treasure skeleton,glow,ECCC,10
Funko Pop! Disney Pirates of the Caribbean Treasure Skeleton Disney Exclusive Figure #783,F-PODPOTC83,disney,,3,77,treasure skeleton,no,disney_exclusive,10
Funko Pop! Disney Dumbo On The Casey Jr Circus Train Attraction Funko Shop Exclusive Figure #05,F-PODDOTC05,disney,9/18/2020,10,95.6,casey jr circus train,no,funko_shop_limited,100
Funko Pop! Disney Carl and Ellie Movie Moment NYCC Exclusive Figure #979,F-PODCAEM7,disney,10/8/2020,10,62.8,carl and ellie,no,NYCC,3000
Funko Pop! Disney Stitch on Tricycle Funko Shop Exclusive Figure #784,F-PODSOTF84,disney,9/25/2020,4,44.75,stitch,no,funko_shop_limited,545000
Funko Pop! Adventures Of The Gummi Bears Ogre ECCC Exclusive Figure #782,F-POAOTGB82,disney,,4,92.5,ogre,no,ECCC,50000
Funko Pop! Disney Winnie The Pooh Eeyore (Glitter) (Diamond Collection) (Chase) Hot Topic Exclusive Figure #254,F-PODWTPE54,disney,2/15/2019,8,77,eeyore,no,hot_topic_exclusive,83000
Funko Pop! Disney Duck Tales Scrooge McDuck Entertainment Earth Exclusive Figure #555,F-PODDTS555,disney,,4,34.5,scrooge mcduck,no,earth_exclusive,40000
Funko Pop! Disney Toy Story Rex Figure #171,F-PODTSRF71,disney,10/26/2015,3,52.66666667,toy story rex,no,no,2500
Funko Pop! Disney Hades Diamond Collection Chase Hot Topic Figure #381,F-PODHDCC81,disney,9/20/2020,2,59.5,hades diamond,no,hot_topic_exclusive,10
Funko Pop! Disney Toy Story Buzz Lightyear Figure #02,F-PODTSBL02,disney,8/15/2013,2,100,toy story buzz lightyear,no,no,2400
Funko Pop! Disney Monsters Sulley (Flocked) Amazon Exclusive Figure #385,F-PODMSA85,disney,,2,26.5,monsters sulley,flocked,amazon_exclusive,40
Funko Pop! Disney Toy Story Army Man Toy Story Land (Box Lunch Exclusive) Figure #377,F-PODTSAMB77,disney,,3,52.66666667,toy story army man,no,box_lunch_exclusive,40
Funko Pop! Disney Baymax with Mochi (Glow) Chase Box Lunch Exclusive Figure #988,F-PODBWM88,disney,,2,69,baymax,glow,box_lunch_exclusive,34000
Funko Pop! Disney Toy Story Bullseye (Flocked) Funko Shop Edition Figure #520,F-PODTSB20,disney,,3,18.66666667,toy story bullseye,flocked,funko_shop_limited,1000
Funko Pop! Disney Kingdom Hearts Organization 13 Mickey (Glow) (Chase) Box Lunch Exclusive Figure #334,FPO-DKHO1MGCF33,disney,,2,95,mickey,glow,box_lunch_exclusive,330000
Funko Pop! Disney Toy Story Lotso (Flocked) D23 Expo Figure #13,F-PODTSL13,disney,1/1/2011,2,1577.5,toy story lotso,flocked,d32_expo,250
Funko Pop! Disney Lilo And Stitch Scrump Figure #126,F-PODLASS26,disney,11/12/2014,1,155,scrump,no,no,4200
Funko Pop! Disney Big Hero 6 Baymax Diamond Collection Hot Topic Exclusive Figure #111,F-PODBH6B11,disney,,1,42,baymax,no,hot_topic_exclusive,34000
Funko Pop! Disney The Hunchback of Notre Dame Quasimodo Holding Gargoyle Summer Convention Exclusive Figure #574,F-PODTHON74,disney,,1,23,quasimodo,no,summer_convention,52000
Funko Pop! Disney Mickey The True Original Little Whirlwind Mickey Fall Convention Figure #432,F-PODMTTO32,disney,,1,32,mickey,no,fall_convention,330000
Funko Pop! Disney Peter Pan Figure #25,F-PODPPF25,disney,6/1/2012,1,60,peter pan,no,no,111000
Funko Pop! Disney Mickey Mouse Steamboat Willie Figure #24,F-PODMMSW24,disney,7/31/2013,1,108,steamboat willie,no,no,29000
Funko Pop! Disney Hercules Hades Red (Glow) (Chase) Hot Topic Exclusive Figure #381,F-PODHHR81,disney,2/1/2018,1,70,hercules hades,glow,SDCC,3200
Funko Pop! Disney The Pirates Of The Caribbean Jolly Roger (Glow) SDCC Figure #258,FPO-DTPTCJRG258,disney,6/1/2017,1,500,jolly roger,glow,SDCC,39000
Funko Pop! Disney The Haunted Mansion Madame Leota (Glow) Disney Park Exclusive Figure #575,F-PODTHMM75,disney,,1,55,madame leota,glow,disney_exclusive,5200
Funko Pop! Disney Mickey Mouse Figure #01,F-PODMMF01,disney,6/1/2011,4,39.25,mickey mouse,no,no,330000
Funko Pop! Disney Day Of The Dead Sally Figure #70,F-PODDOTD70,disney,6/1/2013,2,45,day of the dead sally,no,no,100
Funko Pop! Disney Maleficent (Glow) (Chase) Hot Topic Exclusive Figure #232,F-PODMH32,disney,3/31/2017,2,42.5,maleficent,glow,hot_topic_exclusive,240000
Funko Pop! Disney Incredibles 2 Edna Jack-Jack Summer Convention Figure #404,F-PODI2EJ04,disney,,1,24,edna jack jack,no,summer_convention,150
Funko Pop! Disney Up Russell Figure #60,F-PODURF60,disney,11/10/2013,3,84,up russell,no,no,1600
Funko Pop! Disney Parks Abominable Snowman (Flocked) NYCC Figure #289,F-PODPAS89,disney,7/30/2017,1,400,abominable snowman,flocked,NYCC,25000
Funko Pop! Disney The Pirates Of The Caribbean Jolly Roger Disney Parks Exclusive Figure #258,FPO-DTTCJRDP258,disney,12/2/2016,1,25,jolly roger,no,disney_exclusive,39000
Funko Pop! Disney Ursula Figure #28,F-PODUF28,disney,,1,120,ursula,no,no,88000
Funko Pop! Disney Lilo & Sitch Hula Lilo Hot Topic Exclusive Figure #521,F-PODLSH21,disney,,1,40,hula lilo,no,hot_topic_exclusive,80
Funko Pop! Disney Epcot 35 Figment Disney Parks Exclusive Figure #293,F-PODE3FD93,disney,7/24/2017,3,19.66666667,figment,no,disney_exclusive,18000
Funko Pop! Game of Thrones Jaqen H'Ghar Fall Convention Exclusive Figure #57,F-POGOTJHH57,game-of-thrones,,4,53,jaqen h'ghar,no,fall_convention,44000
Funko Pop! Game of Thrones Night King (Glow) HBO Shop Exclusive Figure #84,F-POGOTNK84,game-of-thrones,,10,18.2,night king,glow,hbo_shop_exclusive,8800
Funko Pop! Game of Thrones Arya Stark Spring Convention Figure #76,F-POGOTAS76,game-of-thrones,,10,21,arya stark,no,spring_convention,51000
Funko Pop! Game Of Thrones Ned Stark (Headless) (Bloody) SDCC Figure #02,F-POGOTNS02,game-of-thrones,2/12/2013,3,1027,ned stark,no,SDCC,22000
Funko Pop! Game Of Thrones Children Of The Forest (Metallic) HBO Shop Exclusive Figure #69,F-POGOTCO69,game-of-thrones,12/3/2018,10,26.3,children of the forest,metallic,hbo_shop_exclusive,2600
Funko Pop! Game Of Thrones Tyrion Lannister (Scarred) Figure #01,F-POGOTTL01,game-of-thrones,11/19/2013,1,600,tyrion lannister,no,no,41000
Funko Pop! Game Of Thrones White Walker (Glow in the Dark) HMV Exclusive Figure #06,F-POGOTWW06,game-of-thrones,1/3/2013,2,210,white walker,glow,hmv_exclusive,7900
Funko Pop! Game Of Thrones Joffrey Baratheon Figure #14,F-POGOTJB14,game-of-thrones,6/1/2014,2,54,joffrey baratheon,no,no,17000
Funko Pop! Game Of Thrones The Hound Figure #05,F-POGOTTH05,game-of-thrones,6/1/2012,2,42.5,the hound,no,no,35000
Funko Pop! Game Of Thrones Jaqen H'Ghar NYCC Figure #57,F-POGOTJH57,game-of-thrones,7/17/2017,2,59,jaqen h'ghar,no,NYCC,44000
Funko Pop! Game Of Thrones Hodor Figure #15,F-POGOTHF15,game-of-thrones,6/1/2014,1,40,hodor,no,no,26000
Funko Pop! Marvel WandaVision Pietro Maximoff Funko Shop Exclusive Figure #827,F-POMWPMF27,marvel,,10,48.2,pietro maximoff,no,funko_shop_limited,36000
Funko Pop! Marvel Hulk (Black Light) Funko Shop Exclusive Figure #822,F-POMHLF22,marvel,,10,53.8,hulk,no,funko_shop_limited,166000
Funko Pop! Marvel Deadpool Target Exclusive (Blacklight) Bobble-Head Figure #801,F-POMDTE01,marvel,3/26/2021,3,61.66666667,deadpool,no,target_exclusive,632000
Funko Pop! Marvel Carnage Black Light Funko Shop Bobble-Head #678,F-POMCBLF78,marvel,10/28/2020,10,158,carnage,no,funko_shop_limited,97000
Funko Pop! Marvel Spider-Man Black Light Target Exclusive Bobble-Head #652,F-POMSBLT52,marvel,6/21/2020,10,68.9,spider-man,no,target_exclusive,653000
Funko Pop! Marvel Black Panther (Chase) Bobble-Head Figure #273,F-POMBPB73,marvel,,10,46.7,black panther,no,no,1200000
Funko Pop! Marvel Avengers Endgame Morgan Stark and Tony Stark Pop In A Box Exclusive (Glow) 2-Pack,F-POMAEMSCK,marvel,,10,73.1,morgan stark,glow,pop_in_a_box_exclusive,19000
Funko Pop! Marvel Avengers Endgame Iron Man Fall Convention Bobble-Head Figure #529,F-POMAEIM29,marvel,,10,35,iron man,no,fall_convention,432000
Funko Pop! Marvel Venom Marvel Collectors Corp Exclusive Bobble-Head Figure #373,F-POMVMCC73,marvel,,9,57.11111111,venom,no,corp_exclusive,819000
Funko Pop! Marvel WandaVision 50s Vision Chase Bobble-Head #714,F-POMW5VC14,marvel,,5,73.4,wandavision,no,no,3300000
Funko Pop! Marvel Studios Wanda Vision Scalet Witch Hot Topic Exclusive Figure #828,F-POMSWVS28,marvel,,3,44.33333333,scarlet witch,no,hot_topic_exclusive,324000
Funko Pop! Marvel Avengers Endgame Loki Tessaract (Glow) Funko Shop Exclusive Bobble-Head #747,F-POMAELT47,marvel,,10,71.8,loki,glow,funko_shop_limited,203000
Funko Pop! Marvel Black Panther (Glow) Target Exclusive Bobble-Head Figure #273,F-POMBPT73,marvel,,10,64.6,black panther,glow,target_exclusive,1200000
Funko Pop! Marvel Venom Carnage (Tendrils) Fall Convention Exclusive Bobble-Head Figure #371,F-POMVCF71,marvel,,10,35.1,venom,no,fall_convention,819000
Funko Pop! Marvel Avengers Endgame Captain America Marvel Collection Corps Exclusive Bobble-Head Figure #481,F-POMAECA81,marvel,5/28/2019,10,69.8,captain america,no,corp_exclusive,214000
Funko Pop! Marvel Spider-Man Homecoming Tony Stark Summer Convention Bobble-Head Figure #225,F-POMSHTS25,marvel,,9,48.66666667,tony stark,no,summer_convention,119000
Funko Pop! Marvel Avengers Infinity War Stonekeeper Funko Shop Exclusive Figure #339,F-POMAIWS39,marvel,4/30/2018,10,76.1,stonekeeper,no,funko_shop_limited,5700
Funko Pop! Marvel Iron Man Black Light Target Exclusive Bobble-Head #649,F-POMIMBL49,marvel,6/21/2020,8,25.75,iron man,no,target_exclusive,432000
Funko Pop! Marvel Guardians Of The Galaxy Vol.2 Yondu Spring Convention Exclusive Bobble-Head Figure #310,F-POMGOTG10,marvel,,7,58.57142857,yondu,no,spring_convention,34000
Funko Pop! Marvel Captain America Black Light Target Exclusive Bobble-Head #648,F-POMCABL48,marvel,6/21/2020,6,27.33333333,captain america,no,target_exclusive,214000
Funko Pop! Marvel Studios The Frist Ten Years Iron Man (Mark 1) Summer Convention Bobble-Head Figure #338,F-POMSTFT38,marvel,,7,38.42857143,iron man,no,summer_convention,432000
Funko Pop! Marvel Doctor Strange Black Light Target Exclusive Bobble-Head #651,F-POMDSBL51,marvel,6/21/2020,5,25.2,doctor strange,no,target_exclusive,389000
Funko Pop! Marvel Spider-Man (Symbiote Suit) (Glow) Funko Shop Exclusive Figure #725,F-POMSS25,marvel,,5,47.6,spider-man,glow,funko_shop_limited,653000
Funko Pop! Marvel Deadpool Pandapool Hot Topic Exclusive Bobble-Head Figure #328,F-POMDPHT28,marvel,,7,22.42857143,pandapool,no,hot_topic_exclusive,250
Funko Pop! Marvel Thor Spring Convention Bobble-Head Figure #438,F-POMTSCB38,marvel,,4,38.5,thor,no,spring_convention,325000
Funko Pop! Marvel Avengers Endgame Thor FYE Exclusive Bobble-Head Figure #482,F-POMAETF82,marvel,,5,44.6,thor,no,fye_exclusive,325000
Funko Pop! Marvel Venom Anti-Venom (Eddie Brock) (Glow) Box Lunch Exclusive Figure #401,F-POMVAVB01,marvel,11/3/2018,10,120.6,venom,glow,box_lunch_exclusive,819000
Funko Pop! Marvel Zombies Zombie Magneto Funko Shop Exclusive Figure #663,F-POMZZMF63,marvel,8/19/2020,3,58.33333333,magneto,no,funko_shop_limited,92000
Funko Pop! Marvel Zombies Zombie Moon Knight Funko Exclusive Bobble-Head Figure #796,F-POMZZMK96,marvel,,3,40.66666667,moon knight,no,funko_shop_limited,4700
Funko Pop! Marvel Avengers Endgame Thanos Spring Convention Figure #592,F-POMAETS92,marvel,,3,26.66666667,thanos,no,spring_convention,941000
Funko Pop! Marvel Venom Bobble-Head Figure #363,F-POMVBF63,marvel,,2,42,venom,no,no,819000
Funko Pop! Marvel Agent Venom Pop in a Box Exclusive Bobble-Head Figure #507,F-POMAVPI07,marvel,,2,24.5,venom,no,pop_in_a_box_exclusive,819000
Funko Pop! Marvel Hobgoblin Marvel Collector Corps Exclusive Bobble-Head Figure #165,F-POMHMCC65,marvel,6/3/2016,3,210,hobgoblin,no,corp_exclusive,64000
Funko Pop! Marvel Guardians of the Galaxy Vol.2 Groot (with Candy Bowl) Bobble-Head Figure #264,F-POMGOTG64,marvel,,2,49.5,groot,no,no,106000
Funko Pop! Marvel Avengers Captain America Hot Topic Exclusive Bobble-Head Figure #464,F-POMACAH64,marvel,,2,35.5,captain america,no,hot_topic_exclusive,214000
Funko Pop! Marvel Thor Black Light Target Exclusive Bobble-Head #650,F-POMTBLT50,marvel,6/21/2020,2,25,thor,no,target_exclusive,325000
Funko Pop! Marvel 80 Years Deadpool Bobble-Head Figure #546,F-POM8YDB46,marvel,,4,61.25,deadpool,no,no,632000
Funko Pop! Marvel Black Panther (Glow) Walmart Exclusive Bobble-Head Figure #273,F-POMBPW73,marvel,,2,55,black panther,glow,walmart_exclusive,1200000
Funko Pop! Marvel Thor Ragnarok Thor (Glow) Summer Convention Edition Bobble-Head Figure #335,F-POMTRT35,marvel,,3,28,thor,glow,summer_convention,325000
Funko Pop! Marvel Avengers Endgame Stan Lee Funko Shop Exclusive Figure #726,F-POMAESL26,marvel,,2,29,stan lee,no,funko_shop_limited,288000
Funko Pop! Marvel Avengers Infinity War Thanos Blue Chrome Walmart Exclusive Bobble-Head Figure #289,F-POMAIWTB89,marvel,,3,21,thanos,no,walmart_exclusive,941000
Funko Pop! Marvel Captain America (WWII) Spring Convention Exclusive Figure #219,F-POMCAS19,marvel,1/3/2017,2,56.5,captain america,no,spring_convention,214000
Funko Pop! Deadpool Chicken Deadpool Amazon Exclusive Bobble-Head Figure #323,F-PODCDAE23,marvel,,1,30,chicken deadpool,no,amazon_exclusive,40
Funko Pop! Marvel Spider-Man Maximum Venom Venomized Spider-Man Walmart Exclusive Bobble-Head Figure #598,F-POMSMVV98,marvel,,1,42,venom,no,walmart_exclusive,819000
Funko Pop! Marvel Venom Carnage FYE Exclusive Bobble-Head Figure #372,F-POMVCFE72,marvel,,1,20,venom,no,fye_exclusive,819000
Funko Pop! Marvel Venomized Magneto Fall Convention Exclusive Bobble-Head #683,F-POMVMFC83,marvel,10/8/2020,1,99,magneto,no,fall_convention,92000
Funko Pop! Marvel Guardians of the Galaxy Star-Lord with Power Stone (Glow) Marvel Collectors Corp Figure #611,F-POMGOTG11,marvel,,1,43,star-lord,glow,corp_exclusive,7600
Funko Pop! Marvel Avengers Mech Strike Hulk (Glow) Funko Shop Exclusive Figure #833,F-POMAMSH33,marvel,,1,35,hulk,glow,funko_shop_limited,166000
Funko Pop! Marvel Deadpool King Deadpool FYE Exclusive Bobble-Head Figure #326,F-POMDKDF26,marvel,,1,14,king deadpool,no,fye_exclusive,250
Funko Pop! Marvel Venom Venomized Storm (Glow) Funko Shop Edition Bobble-Head Figure #512,F-POMVVS12,marvel,,1,31,venomized storm,glow,funko_shop_limited,40
Funko Pop! Marvel Black Panther Okoye (Red Dress) Fall Convention Bobble-Head Figure #385,F-POMBPO85,marvel,,1,29,okoye,no,fall_convention,19000
Funko Pop! Marvel Spider-Man Collectors Corp Exclusive Bobble-Head Figure #160,F-POMSCCE60,marvel,,2,34.5,spider-man,no,corp_exclusive,653000
Funko Pop! Marvel Spider-Carnage AAA Anime Exclusive Figure #486,F-POMSAAE86,marvel,,1,50,spider-carnage,no,aaa_anime_exclusive,500
Funko Pop! Deadpool Dinopool Bobble-Head Figure #777,F-PODDBF77,marvel,,1,25,dinopool,no,no,30
Funko Pop! Marvel Avengers Nick Fury Bobble-Head Figure #14,F-POMANFB14,marvel,8/2/2011,1,125,nick fury,no,no,48000
Funko Pop! Marvel Green Goblin (Metallic) (Chase) Walgreens Exclusive Bobble-Head Figure #109,F-POMGG09,marvel,12/8/2015,7,54.57142857,green goblin,metallic,walgreens_exclusive,40000
Funko Pop! Marvel Venomized Magneto NYCC Exclusive Bobble-Head #683,F-POMVMNE83,marvel,10/8/2020,1,70,magneto,no,NYCC,92000
Funko Pop! Marvel Superior Spider-Man Walgreens Exclusive Bobble-Head Figure #233,F-POMSSWE33,marvel,,1,48,spider-man,no,walgreens_exclusive,653000
Funko Pop! Marvel 80 Years Loki Collector Corps Exclusive Figure #508,F-POM8YLC08,marvel,,1,35,loki,no,corp_exclusive,203000
Funko Pop! Deadpool Pandapool (Flocked) (Chase) Bobble-Head Figure #328,F-PODPB28,marvel,,1,70,pandapool,flocked,no,250
Funko Pop! Marvel Venom Venomized Loki Bobble-Head Figure #368,F-POMVVLB68,marvel,,1,48,loki,no,no,203000
Funko Pop! Marvel Guardians Of The Galaxy Vol. 2 Stan Lee NYCC Bobble Head Figure #519,F-POMGOTG19,marvel,,1,29,stan lee,no,NYCC,288000
Funko Pop! Marvel Agent Anti-Venom (Chase) Pop In A Box Exclusive Figure #507,F-POMAAP07,marvel,7/7/2019,1,50,anti-venom,no,pop_in_a_box_exclusive,76000
Funko Pop! Marvel Universe Ghost Rider Bobble-Head Figure #18,F-POMUGRB18,marvel,8/1/2012,2,76,ghost rider,no,no,193000
Funko Pop! Marvel Avengers Infinity War Thor (Glow) Asia Exclusive Bobble-Head Figure #286,F-POMAIWTG86,marvel,,1,110,thor,glow,asia_exclusive,325000
Funko Pop! Marvel Ghost Rider (Metallic) SDCC Bobble-Head Figure #18,F-POMGRS18,marvel,1/1/2013,1,375,ghost rider,metallic,SDCC,193000
Funko Pop! Marvel U.S. Agent Comikaze Exclusive Figure #108,F-POMUACE08,marvel,,1,29,us agent,no,comikaze_exclusive,18000
Funko Pop! Marvel Spider-Man Black and White Fugitive Toys Exclusive Bobble-Head Figure #03,F-POMSBAW03,marvel,6/1/2015,1,230,spider-man,no,fugitive_toys_exclusive,653000
Funko Pop! Marvel Studios Iron Man (Mark I) SDCC Exclusive Bobble-Head Figure #338,F-POMSIM38,marvel,5/14/2018,6,51.16666667,iron man,no,SDCC,432000
